qid,qcate
d5bbc7c80dba11ecb1e81171463288e9,YesNo
d5bbc8720dba11ecb1e81171463288e9,Others
d5bbd7040dba11ecb1e81171463288e9,color
d5bbd7540dba11ecb1e81171463288e9,choose
d5bbdda80dba11ecb1e81171463288e9,Others
d5bbdefc0dba11ecb1e81171463288e9,choose
d5bbe3de0dba11ecb1e81171463288e9,YesNo
d5bbf9e60dba11ecb1e81171463288e9,number
d5bbfd6a0dba11ecb1e81171463288e9,Others
d5bc06ac0dba11ecb1e81171463288e9,Others
d5bc07560dba11ecb1e81171463288e9,color
d5bc0ee00dba11ecb1e81171463288e9,choose
d5bc143a0dba11ecb1e81171463288e9,Others
d5bc218c0dba11ecb1e81171463288e9,Others
d5bc247a0dba11ecb1e81171463288e9,number
d5bc38160dba11ecb1e81171463288e9,YesNo
d5bc5d500dba11ecb1e81171463288e9,Others
d5bc6f480dba11ecb1e81171463288e9,YesNo
d5bc76b40dba11ecb1e81171463288e9,Others
d5bc873a0dba11ecb1e81171463288e9,Others
d5bca0580dba11ecb1e81171463288e9,color
d5bcadbe0dba11ecb1e81171463288e9,color
d5bcae220dba11ecb1e81171463288e9,Others
d5bcb4440dba11ecb1e81171463288e9,number
d5bcc8bc0dba11ecb1e81171463288e9,number
d5bcc9a20dba11ecb1e81171463288e9,Others
d5bccc680dba11ecb1e81171463288e9,Others
d5bcd3700dba11ecb1e81171463288e9,shape
d5bcde060dba11ecb1e81171463288e9,choose
d5bcdffa0dba11ecb1e81171463288e9,shape
d5bceb4e0dba11ecb1e81171463288e9,number
d5bcf3280dba11ecb1e81171463288e9,YesNo
d5bcf3a00dba11ecb1e81171463288e9,choose
d5bd0c960dba11ecb1e81171463288e9,choose
d5bd151a0dba11ecb1e81171463288e9,YesNo
d5bd18d00dba11ecb1e81171463288e9,choose
d5bd2ec40dba11ecb1e81171463288e9,Others
d5bd46ca0dba11ecb1e81171463288e9,Others
d5bd5a700dba11ecb1e81171463288e9,Others
d5bd5dc20dba11ecb1e81171463288e9,YesNo
d5bd60920dba11ecb1e81171463288e9,number
d5bd61820dba11ecb1e81171463288e9,number
d5bd661e0dba11ecb1e81171463288e9,Others
d5bd69d40dba11ecb1e81171463288e9,choose
d5bd6b460dba11ecb1e81171463288e9,color
d5bd70960dba11ecb1e81171463288e9,number
d5bd744c0dba11ecb1e81171463288e9,Others
d5bd78700dba11ecb1e81171463288e9,choose
d5bd8e460dba11ecb1e81171463288e9,choose
d5bd99860dba11ecb1e81171463288e9,color
d5bd9c560dba11ecb1e81171463288e9,Others
d5bdb2180dba11ecb1e81171463288e9,choose
d5bdbaa60dba11ecb1e81171463288e9,Others
d5bdde8c0dba11ecb1e81171463288e9,number
d5bdebf20dba11ecb1e81171463288e9,number
d5be0dda0dba11ecb1e81171463288e9,YesNo
d5be108c0dba11ecb1e81171463288e9,choose
d5be15a00dba11ecb1e81171463288e9,Others
d5be194c0dba11ecb1e81171463288e9,number
d5be1c760dba11ecb1e81171463288e9,color
d5be30800dba11ecb1e81171463288e9,number
d5be38000dba11ecb1e81171463288e9,Others
d5be47460dba11ecb1e81171463288e9,Others
d5be58da0dba11ecb1e81171463288e9,Others
d5be63de0dba11ecb1e81171463288e9,Others
d5be687a0dba11ecb1e81171463288e9,color
d5be76800dba11ecb1e81171463288e9,YesNo
d5be79320dba11ecb1e81171463288e9,choose
d5be833c0dba11ecb1e81171463288e9,number
d5be8b2a0dba11ecb1e81171463288e9,Others
d5be8ba20dba11ecb1e81171463288e9,number
d5be8ee00dba11ecb1e81171463288e9,YesNo
d5be973c0dba11ecb1e81171463288e9,choose
d5be989a0dba11ecb1e81171463288e9,Others
d5bea8bc0dba11ecb1e81171463288e9,choose
d5beace00dba11ecb1e81171463288e9,choose
d5beaf2e0dba11ecb1e81171463288e9,number
d5beb2ee0dba11ecb1e81171463288e9,YesNo
d5beb3de0dba11ecb1e81171463288e9,Others
d5beb4ba0dba11ecb1e81171463288e9,choose
d5beb7080dba11ecb1e81171463288e9,Others
d5bebaaa0dba11ecb1e81171463288e9,YesNo
d5bec11c0dba11ecb1e81171463288e9,Others
d5becda60dba11ecb1e81171463288e9,Others
d5bece8c0dba11ecb1e81171463288e9,number
d5bee71e0dba11ecb1e81171463288e9,YesNo
d5beeffc0dba11ecb1e81171463288e9,Others
d5bef6be0dba11ecb1e81171463288e9,color
d5befdee0dba11ecb1e81171463288e9,number
d5beff1a0dba11ecb1e81171463288e9,Others
d5beffb00dba11ecb1e81171463288e9,YesNo
d5bf05c80dba11ecb1e81171463288e9,shape
d5bf0a960dba11ecb1e81171463288e9,YesNo
d5bf11260dba11ecb1e81171463288e9,Others
d5bf12520dba11ecb1e81171463288e9,number
d5bf17ca0dba11ecb1e81171463288e9,Others
d5bf1c5c0dba11ecb1e81171463288e9,Others
d5bf1dd80dba11ecb1e81171463288e9,Others
d5bf20800dba11ecb1e81171463288e9,number
d5bf231e0dba11ecb1e81171463288e9,Others
d5bf25940dba11ecb1e81171463288e9,Others
d5bf2ef40dba11ecb1e81171463288e9,Others
d5bf30200dba11ecb1e81171463288e9,choose
d5bf33720dba11ecb1e81171463288e9,Others
d5bf43440dba11ecb1e81171463288e9,choose
d5bf43d00dba11ecb1e81171463288e9,Others
d5bf44200dba11ecb1e81171463288e9,choose
d5bf45560dba11ecb1e81171463288e9,YesNo
d5bf4ac40dba11ecb1e81171463288e9,Others
d5bf57120dba11ecb1e81171463288e9,number
d5bf5bcc0dba11ecb1e81171463288e9,choose
d5bf5ec40dba11ecb1e81171463288e9,number
d5bf5f140dba11ecb1e81171463288e9,shape
d5bf611c0dba11ecb1e81171463288e9,choose
d5bf63420dba11ecb1e81171463288e9,YesNo
d5bf74cc0dba11ecb1e81171463288e9,choose
d5bf78fa0dba11ecb1e81171463288e9,color
d5bf81ec0dba11ecb1e81171463288e9,Others
d5bf82c80dba11ecb1e81171463288e9,color
d5bf86060dba11ecb1e81171463288e9,number
d5bf8ad40dba11ecb1e81171463288e9,YesNo
d5bf8ba60dba11ecb1e81171463288e9,number
d5bf902e0dba11ecb1e81171463288e9,YesNo
d5bfa3520dba11ecb1e81171463288e9,YesNo
d5bfa64a0dba11ecb1e81171463288e9,YesNo
d5bfad840dba11ecb1e81171463288e9,shape
d5bfafaa0dba11ecb1e81171463288e9,choose
d5bfc0d00dba11ecb1e81171463288e9,YesNo
d5bfca120dba11ecb1e81171463288e9,YesNo
d5bfcf620dba11ecb1e81171463288e9,Others
d5bfd1240dba11ecb1e81171463288e9,Others
d5bfd2fa0dba11ecb1e81171463288e9,YesNo
d5bfdb4c0dba11ecb1e81171463288e9,YesNo
d5bfdff20dba11ecb1e81171463288e9,Others
d5bfe2680dba11ecb1e81171463288e9,YesNo
d5bfe5600dba11ecb1e81171463288e9,choose
d5bfe9ca0dba11ecb1e81171463288e9,number
d5bff9b00dba11ecb1e81171463288e9,Others
d5bfff960dba11ecb1e81171463288e9,YesNo
d5c002840dba11ecb1e81171463288e9,number
d5c0036a0dba11ecb1e81171463288e9,choose
d5c004500dba11ecb1e81171463288e9,Others
d5c00c020dba11ecb1e81171463288e9,YesNo
d5c019400dba11ecb1e81171463288e9,choose
d5c01c600dba11ecb1e81171463288e9,Others
d5c01d820dba11ecb1e81171463288e9,choose
d5c02c640dba11ecb1e81171463288e9,number
d5c0395c0dba11ecb1e81171463288e9,YesNo
d5c047f80dba11ecb1e81171463288e9,Others
d5c053880dba11ecb1e81171463288e9,YesNo
d5c065620dba11ecb1e81171463288e9,number
d5c074ee0dba11ecb1e81171463288e9,color
d5c07b100dba11ecb1e81171463288e9,Others
d5c08bdc0dba11ecb1e81171463288e9,number
d5c08d940dba11ecb1e81171463288e9,YesNo
d5c090500dba11ecb1e81171463288e9,choose
d5c091ae0dba11ecb1e81171463288e9,Others
d5c096ea0dba11ecb1e81171463288e9,shape
d5c097ee0dba11ecb1e81171463288e9,Others
d5c0a4aa0dba11ecb1e81171463288e9,YesNo
d5c0a6c60dba11ecb1e81171463288e9,YesNo
d5c0a7d40dba11ecb1e81171463288e9,number
d5c0af5e0dba11ecb1e81171463288e9,color
d5c0bd1e0dba11ecb1e81171463288e9,YesNo
d5c0d1500dba11ecb1e81171463288e9,number
d5c0d1820dba11ecb1e81171463288e9,number
d5c0d4200dba11ecb1e81171463288e9,choose
d5c0d5560dba11ecb1e81171463288e9,YesNo
d5c0d8c60dba11ecb1e81171463288e9,color
d5c0f28e0dba11ecb1e81171463288e9,choose
d5c0f4320dba11ecb1e81171463288e9,YesNo
d5c0f7a20dba11ecb1e81171463288e9,YesNo
d5c0fc020dba11ecb1e81171463288e9,number
d5c100b20dba11ecb1e81171463288e9,shape
d5c1079c0dba11ecb1e81171463288e9,number
d5c10c060dba11ecb1e81171463288e9,choose
d5c10de60dba11ecb1e81171463288e9,Others
d5c10e7c0dba11ecb1e81171463288e9,YesNo
d5c1114c0dba11ecb1e81171463288e9,choose
d5c1132c0dba11ecb1e81171463288e9,number
d5c113860dba11ecb1e81171463288e9,choose
d5c114300dba11ecb1e81171463288e9,Others
d5c1149e0dba11ecb1e81171463288e9,Others
d5c115ac0dba11ecb1e81171463288e9,choose
d5c11e3a0dba11ecb1e81171463288e9,choose
d5c11e6c0dba11ecb1e81171463288e9,choose
d5c124de0dba11ecb1e81171463288e9,shape
d5c12c540dba11ecb1e81171463288e9,shape
d5c12ed40dba11ecb1e81171463288e9,Others
d5c12fe20dba11ecb1e81171463288e9,choose
d5c13d840dba11ecb1e81171463288e9,color
d5c140860dba11ecb1e81171463288e9,choose
d5c146080dba11ecb1e81171463288e9,color
d5c14b080dba11ecb1e81171463288e9,color
d5c14d7e0dba11ecb1e81171463288e9,number
d5c151200dba11ecb1e81171463288e9,Others
d5c157920dba11ecb1e81171463288e9,Others
d5c158000dba11ecb1e81171463288e9,YesNo
d5c159360dba11ecb1e81171463288e9,Others
d5c160660dba11ecb1e81171463288e9,choose
d5c161380dba11ecb1e81171463288e9,shape
d5c1623c0dba11ecb1e81171463288e9,color
d5c1641c0dba11ecb1e81171463288e9,choose
d5c164b20dba11ecb1e81171463288e9,YesNo
d5c167d20dba11ecb1e81171463288e9,YesNo
d5c169da0dba11ecb1e81171463288e9,Others
d5c16a480dba11ecb1e81171463288e9,Others
d5c174e80dba11ecb1e81171463288e9,number
d5c175560dba11ecb1e81171463288e9,Others
d5c178440dba11ecb1e81171463288e9,number
d5c179160dba11ecb1e81171463288e9,number
d5c179ac0dba11ecb1e81171463288e9,Others
d5c184240dba11ecb1e81171463288e9,choose
d5c18dca0dba11ecb1e81171463288e9,number
d5c18faa0dba11ecb1e81171463288e9,YesNo
d5c190400dba11ecb1e81171463288e9,shape
d5c191800dba11ecb1e81171463288e9,YesNo
d5c19a400dba11ecb1e81171463288e9,number
d5c19a720dba11ecb1e81171463288e9,number
d5c1a08a0dba11ecb1e81171463288e9,choose
d5c1a1fc0dba11ecb1e81171463288e9,color
d5c1a36e0dba11ecb1e81171463288e9,YesNo
d5c1a4a40dba11ecb1e81171463288e9,choose
d5c1a6980dba11ecb1e81171463288e9,Others
d5c1a6d40dba11ecb1e81171463288e9,number
d5c1ad960dba11ecb1e81171463288e9,number
d5c1aea40dba11ecb1e81171463288e9,shape
d5c1aecc0dba11ecb1e81171463288e9,number
d5c1b4620dba11ecb1e81171463288e9,YesNo
d5c1b5980dba11ecb1e81171463288e9,choose
d5c1bb4c0dba11ecb1e81171463288e9,shape
d5c1bed00dba11ecb1e81171463288e9,YesNo
d5c1c0d80dba11ecb1e81171463288e9,Others
d5c1c3760dba11ecb1e81171463288e9,Others
d5c1c3b20dba11ecb1e81171463288e9,YesNo
d5c1c6640dba11ecb1e81171463288e9,choose
d5c1cc900dba11ecb1e81171463288e9,Others
d5c1ce8e0dba11ecb1e81171463288e9,Others
d5c1d49c0dba11ecb1e81171463288e9,color
d5c1df000dba11ecb1e81171463288e9,YesNo
d5c1e66c0dba11ecb1e81171463288e9,Others
d5c1e77a0dba11ecb1e81171463288e9,Others
d5c1ef900dba11ecb1e81171463288e9,color
d5c1f35a0dba11ecb1e81171463288e9,choose
d5c1f5e40dba11ecb1e81171463288e9,Others
d5c1f6f20dba11ecb1e81171463288e9,Others
d5c1fb480dba11ecb1e81171463288e9,Others
d5c1fc2e0dba11ecb1e81171463288e9,choose
d5c1fca60dba11ecb1e81171463288e9,Others
d5c1fcce0dba11ecb1e81171463288e9,color
d5c1fdb40dba11ecb1e81171463288e9,number
d5c1fe540dba11ecb1e81171463288e9,number
d5c200fc0dba11ecb1e81171463288e9,shape
d5c201420dba11ecb1e81171463288e9,YesNo
d5c202280dba11ecb1e81171463288e9,YesNo
d5c2035e0dba11ecb1e81171463288e9,Others
d5c207fa0dba11ecb1e81171463288e9,YesNo
d5c20b920dba11ecb1e81171463288e9,YesNo
d5c20f480dba11ecb1e81171463288e9,Others
d5c21d440dba11ecb1e81171463288e9,Others
d5c23cc00dba11ecb1e81171463288e9,shape
d5c240440dba11ecb1e81171463288e9,Others
d5c241480dba11ecb1e81171463288e9,YesNo
d5c249f40dba11ecb1e81171463288e9,Others
d5c24cce0dba11ecb1e81171463288e9,choose
d5c24d280dba11ecb1e81171463288e9,Others
d5c25f020dba11ecb1e81171463288e9,YesNo
d5c267e00dba11ecb1e81171463288e9,number
d5c268120dba11ecb1e81171463288e9,Others
d5c26efc0dba11ecb1e81171463288e9,number
d5c2714a0dba11ecb1e81171463288e9,Others
d5c2735c0dba11ecb1e81171463288e9,Others
d5c2767c0dba11ecb1e81171463288e9,YesNo
d5c277800dba11ecb1e81171463288e9,YesNo
d5c27b900dba11ecb1e81171463288e9,YesNo
d5c27e2e0dba11ecb1e81171463288e9,color
d5c27f640dba11ecb1e81171463288e9,Others
d5c2819e0dba11ecb1e81171463288e9,YesNo
d5c2845a0dba11ecb1e81171463288e9,number
d5c287020dba11ecb1e81171463288e9,color
d5c28d420dba11ecb1e81171463288e9,YesNo
d5c28f0e0dba11ecb1e81171463288e9,number
d5c28f680dba11ecb1e81171463288e9,Others
d5c28f900dba11ecb1e81171463288e9,YesNo
d5c290300dba11ecb1e81171463288e9,number
d5c290d00dba11ecb1e81171463288e9,choose
d5c291160dba11ecb1e81171463288e9,Others
d5c291fc0dba11ecb1e81171463288e9,Others
d5c293c80dba11ecb1e81171463288e9,Others
d5c2945e0dba11ecb1e81171463288e9,YesNo
d5c298a00dba11ecb1e81171463288e9,choose
d5c29b3e0dba11ecb1e81171463288e9,YesNo
d5c29be80dba11ecb1e81171463288e9,YesNo
d5c29fb20dba11ecb1e81171463288e9,YesNo
d5c2a21e0dba11ecb1e81171463288e9,number
d5c2af200dba11ecb1e81171463288e9,color
d5c2b1500dba11ecb1e81171463288e9,YesNo
d5c2b6320dba11ecb1e81171463288e9,YesNo
d5c2c30c0dba11ecb1e81171463288e9,Others
d5c2c6ae0dba11ecb1e81171463288e9,YesNo
d5c2c8480dba11ecb1e81171463288e9,YesNo
d5c2cdac0dba11ecb1e81171463288e9,YesNo
d5c2ceb00dba11ecb1e81171463288e9,YesNo
d5c2cf820dba11ecb1e81171463288e9,YesNo
d5c2d00e0dba11ecb1e81171463288e9,YesNo
d5c2dbc60dba11ecb1e81171463288e9,YesNo
d5c2de320dba11ecb1e81171463288e9,number
d5c2e83c0dba11ecb1e81171463288e9,YesNo
d5c2ea8a0dba11ecb1e81171463288e9,YesNo
d5c2ebde0dba11ecb1e81171463288e9,color
d5c2f2c80dba11ecb1e81171463288e9,YesNo
d5c2f6920dba11ecb1e81171463288e9,YesNo
d5c2f9f80dba11ecb1e81171463288e9,YesNo
d5c2fafc0dba11ecb1e81171463288e9,YesNo
d5c2fc0a0dba11ecb1e81171463288e9,YesNo
d5c2fc320dba11ecb1e81171463288e9,Others
d5c300f60dba11ecb1e81171463288e9,YesNo
d5c302f40dba11ecb1e81171463288e9,number
d5c3068c0dba11ecb1e81171463288e9,YesNo
d5c308580dba11ecb1e81171463288e9,shape
d5c308d00dba11ecb1e81171463288e9,color
d5c30a9c0dba11ecb1e81171463288e9,YesNo
d5c30e700dba11ecb1e81171463288e9,YesNo
d5c30f2e0dba11ecb1e81171463288e9,YesNo
d5c3110e0dba11ecb1e81171463288e9,YesNo
d5c3114a0dba11ecb1e81171463288e9,YesNo
d5c312260dba11ecb1e81171463288e9,YesNo
d5c3124e0dba11ecb1e81171463288e9,Others
d5c314380dba11ecb1e81171463288e9,Others
d5c314740dba11ecb1e81171463288e9,YesNo
d5c315c80dba11ecb1e81171463288e9,YesNo
d5c3178a0dba11ecb1e81171463288e9,YesNo
d5c31a780dba11ecb1e81171463288e9,YesNo
d5c3232e0dba11ecb1e81171463288e9,YesNo
d5c32f400dba11ecb1e81171463288e9,YesNo
d5c32f900dba11ecb1e81171463288e9,YesNo
d5c333500dba11ecb1e81171463288e9,YesNo
d5c33f620dba11ecb1e81171463288e9,YesNo
d5c33f940dba11ecb1e81171463288e9,Others
d5c340340dba11ecb1e81171463288e9,YesNo
d5c340d40dba11ecb1e81171463288e9,color
d5c347fa0dba11ecb1e81171463288e9,YesNo
d5c34b420dba11ecb1e81171463288e9,YesNo
d5c34c820dba11ecb1e81171463288e9,YesNo
d5c34dfe0dba11ecb1e81171463288e9,YesNo
d5c3524a0dba11ecb1e81171463288e9,YesNo
d5c352e00dba11ecb1e81171463288e9,Others
d5c353da0dba11ecb1e81171463288e9,YesNo
d5c35b0a0dba11ecb1e81171463288e9,Others
d5c35fc40dba11ecb1e81171463288e9,Others
d5c3608c0dba11ecb1e81171463288e9,YesNo
d5c36bf40dba11ecb1e81171463288e9,YesNo
d5c36db60dba11ecb1e81171463288e9,YesNo
d5c36e060dba11ecb1e81171463288e9,YesNo
d5c372e80dba11ecb1e81171463288e9,YesNo
d5c373100dba11ecb1e81171463288e9,Others
d5c37c700dba11ecb1e81171463288e9,YesNo
d5c37f4a0dba11ecb1e81171463288e9,color
d5c37fea0dba11ecb1e81171463288e9,YesNo
d5c3803a0dba11ecb1e81171463288e9,YesNo
d5c381520dba11ecb1e81171463288e9,YesNo
d5c3851c0dba11ecb1e81171463288e9,YesNo
d5c388640dba11ecb1e81171463288e9,YesNo
d5c388d20dba11ecb1e81171463288e9,YesNo
d5c38ce20dba11ecb1e81171463288e9,YesNo
d5c38d820dba11ecb1e81171463288e9,YesNo
d5c392000dba11ecb1e81171463288e9,YesNo
d5c393360dba11ecb1e81171463288e9,YesNo
d5c3961a0dba11ecb1e81171463288e9,Others
d5c396420dba11ecb1e81171463288e9,Others
d5c397fa0dba11ecb1e81171463288e9,Others
d5c398400dba11ecb1e81171463288e9,YesNo
d5c3a4ca0dba11ecb1e81171463288e9,number
d5c3a9ca0dba11ecb1e81171463288e9,number
d5c3aad80dba11ecb1e81171463288e9,YesNo
d5c3abbe0dba11ecb1e81171463288e9,color
d5c3accc0dba11ecb1e81171463288e9,YesNo
d5c3b2c60dba11ecb1e81171463288e9,Others
d5c3bb720dba11ecb1e81171463288e9,YesNo
d5c3be740dba11ecb1e81171463288e9,Others
d5c3c1580dba11ecb1e81171463288e9,Others
d5c3c2160dba11ecb1e81171463288e9,shape
d5c3c82e0dba11ecb1e81171463288e9,YesNo
d5c3ce320dba11ecb1e81171463288e9,YesNo
d5c3d3fa0dba11ecb1e81171463288e9,number
d5c3d5a80dba11ecb1e81171463288e9,choose
d5c3d7ba0dba11ecb1e81171463288e9,Others
d5c3d8b40dba11ecb1e81171463288e9,Others
d5c3daee0dba11ecb1e81171463288e9,choose
d5c3dd640dba11ecb1e81171463288e9,Others
d5c3e4d00dba11ecb1e81171463288e9,Others
d5c3e5980dba11ecb1e81171463288e9,number
d5c3eb2e0dba11ecb1e81171463288e9,Others
d5c3ecdc0dba11ecb1e81171463288e9,Others
d5c3ed9a0dba11ecb1e81171463288e9,YesNo
d5c3eeda0dba11ecb1e81171463288e9,YesNo
d5c3f36c0dba11ecb1e81171463288e9,color
d5c3f61e0dba11ecb1e81171463288e9,YesNo
d5c3f7c20dba11ecb1e81171463288e9,YesNo
d5c3fa560dba11ecb1e81171463288e9,YesNo
d5c3fb640dba11ecb1e81171463288e9,Others
d5c3fc2c0dba11ecb1e81171463288e9,choose
d5c400280dba11ecb1e81171463288e9,color
d5c403a20dba11ecb1e81171463288e9,number
d5c403e80dba11ecb1e81171463288e9,number
d5c4067c0dba11ecb1e81171463288e9,YesNo
d5c40ec40dba11ecb1e81171463288e9,Others
d5c40f3c0dba11ecb1e81171463288e9,choose
d5c4113a0dba11ecb1e81171463288e9,YesNo
d5c414be0dba11ecb1e81171463288e9,Others
d5c415540dba11ecb1e81171463288e9,YesNo
d5c418920dba11ecb1e81171463288e9,YesNo
d5c41b940dba11ecb1e81171463288e9,YesNo
d5c4201c0dba11ecb1e81171463288e9,Others
d5c420da0dba11ecb1e81171463288e9,YesNo
d5c421020dba11ecb1e81171463288e9,shape
d5c427ce0dba11ecb1e81171463288e9,YesNo
d5c42f4e0dba11ecb1e81171463288e9,YesNo
d5c436240dba11ecb1e81171463288e9,Others
d5c438180dba11ecb1e81171463288e9,YesNo
d5c43f200dba11ecb1e81171463288e9,YesNo
d5c443ee0dba11ecb1e81171463288e9,number
d5c444340dba11ecb1e81171463288e9,Others
d5c444de0dba11ecb1e81171463288e9,choose
d5c446640dba11ecb1e81171463288e9,Others
d5c44d1c0dba11ecb1e81171463288e9,Others
d5c44e020dba11ecb1e81171463288e9,choose
d5c452c60dba11ecb1e81171463288e9,YesNo
d5c453fc0dba11ecb1e81171463288e9,Others
d5c4573a0dba11ecb1e81171463288e9,choose
d5c45bc20dba11ecb1e81171463288e9,color
d5c45c440dba11ecb1e81171463288e9,Others
d5c45c6c0dba11ecb1e81171463288e9,Others
d5c45cb20dba11ecb1e81171463288e9,Others
d5c4604a0dba11ecb1e81171463288e9,Others
d5c460c20dba11ecb1e81171463288e9,Others
d5c462ca0dba11ecb1e81171463288e9,Others
d5c467480dba11ecb1e81171463288e9,YesNo
d5c468560dba11ecb1e81171463288e9,Others
d5c468d80dba11ecb1e81171463288e9,choose
d5c471840dba11ecb1e81171463288e9,color
d5c472ec0dba11ecb1e81171463288e9,number
d5c473fa0dba11ecb1e81171463288e9,Others
d5c474220dba11ecb1e81171463288e9,color
d5c478500dba11ecb1e81171463288e9,Others
d5c47b520dba11ecb1e81171463288e9,Others
d5c47c1a0dba11ecb1e81171463288e9,Others
d5c47c380dba11ecb1e81171463288e9,Others
d5c480fc0dba11ecb1e81171463288e9,choose
d5c4880e0dba11ecb1e81171463288e9,Others
d5c4885e0dba11ecb1e81171463288e9,choose
d5c48a0c0dba11ecb1e81171463288e9,YesNo
d5c4911e0dba11ecb1e81171463288e9,Others
d5c4916e0dba11ecb1e81171463288e9,YesNo
d5c4942a0dba11ecb1e81171463288e9,choose
d5c495100dba11ecb1e81171463288e9,YesNo
d5c497180dba11ecb1e81171463288e9,color
d5c49c180dba11ecb1e81171463288e9,number
d5c4a0d20dba11ecb1e81171463288e9,YesNo
d5c4a3980dba11ecb1e81171463288e9,shape
d5c4a6cc0dba11ecb1e81171463288e9,YesNo
d5c4a73a0dba11ecb1e81171463288e9,choose
d5c4a8ac0dba11ecb1e81171463288e9,Others
d5c4a9ec0dba11ecb1e81171463288e9,color
d5c4ac620dba11ecb1e81171463288e9,choose
d5c4b78e0dba11ecb1e81171463288e9,Others
d5c4b8c40dba11ecb1e81171463288e9,choose
d5c4b9aa0dba11ecb1e81171463288e9,Others
d5c4c01c0dba11ecb1e81171463288e9,Others
d5c4c0b20dba11ecb1e81171463288e9,YesNo
d5c4d5520dba11ecb1e81171463288e9,Others
d5c4d5980dba11ecb1e81171463288e9,choose
d5c4d6060dba11ecb1e81171463288e9,choose
d5c4d8720dba11ecb1e81171463288e9,number
d5c4da700dba11ecb1e81171463288e9,Others
d5c4dae80dba11ecb1e81171463288e9,Others
d5c4dd4a0dba11ecb1e81171463288e9,YesNo
d5c4df200dba11ecb1e81171463288e9,color
d5c4e1fa0dba11ecb1e81171463288e9,number
d5c4e2ea0dba11ecb1e81171463288e9,YesNo
d5c4e4480dba11ecb1e81171463288e9,Others
d5c4e8b20dba11ecb1e81171463288e9,Others
d5c4ea060dba11ecb1e81171463288e9,Others
d5c4ee480dba11ecb1e81171463288e9,number
d5c4efec0dba11ecb1e81171463288e9,Others
d5c4f33e0dba11ecb1e81171463288e9,YesNo
d5c4f5f00dba11ecb1e81171463288e9,choose
d5c4f8d40dba11ecb1e81171463288e9,YesNo
d5c4f8f20dba11ecb1e81171463288e9,shape
d5c4fdac0dba11ecb1e81171463288e9,Others
d5c502980dba11ecb1e81171463288e9,Others
d5c506940dba11ecb1e81171463288e9,YesNo
d5c50ae00dba11ecb1e81171463288e9,choose
d5c511660dba11ecb1e81171463288e9,number
d5c512e20dba11ecb1e81171463288e9,choose
d5c514540dba11ecb1e81171463288e9,choose
d5c515800dba11ecb1e81171463288e9,Others
d5c5172e0dba11ecb1e81171463288e9,number
d5c518280dba11ecb1e81171463288e9,choose
d5c51b340dba11ecb1e81171463288e9,shape
d5c51bac0dba11ecb1e81171463288e9,number
d5c51c380dba11ecb1e81171463288e9,shape
d5c51cb00dba11ecb1e81171463288e9,Others
d5c51e540dba11ecb1e81171463288e9,Others
d5c526060dba11ecb1e81171463288e9,choose
d5c52bec0dba11ecb1e81171463288e9,number
d5c52c820dba11ecb1e81171463288e9,shape
d5c533120dba11ecb1e81171463288e9,Others
d5c533d00dba11ecb1e81171463288e9,color
d5c534160dba11ecb1e81171463288e9,Others
d5c5345c0dba11ecb1e81171463288e9,Others
d5c535ba0dba11ecb1e81171463288e9,number
d5c53bdc0dba11ecb1e81171463288e9,color
d5c53f100dba11ecb1e81171463288e9,Others
d5c53fec0dba11ecb1e81171463288e9,YesNo
d5c5405a0dba11ecb1e81171463288e9,YesNo
d5c546cc0dba11ecb1e81171463288e9,Others
d5c549100dba11ecb1e81171463288e9,color
d5c54d2a0dba11ecb1e81171463288e9,choose
d5c54d7a0dba11ecb1e81171463288e9,YesNo
d5c54fb40dba11ecb1e81171463288e9,choose
d5c551260dba11ecb1e81171463288e9,Others
d5c553740dba11ecb1e81171463288e9,Others
d5c5601c0dba11ecb1e81171463288e9,YesNo
d5c5612a0dba11ecb1e81171463288e9,Others
d5c562d80dba11ecb1e81171463288e9,YesNo
d5c565b20dba11ecb1e81171463288e9,number
d5c56f9e0dba11ecb1e81171463288e9,Others
d5c5711a0dba11ecb1e81171463288e9,choose
d5c577140dba11ecb1e81171463288e9,YesNo
d5c578220dba11ecb1e81171463288e9,number
d5c579580dba11ecb1e81171463288e9,YesNo
d5c57e3a0dba11ecb1e81171463288e9,YesNo
d5c584200dba11ecb1e81171463288e9,YesNo
d5c587900dba11ecb1e81171463288e9,Others
d5c58d760dba11ecb1e81171463288e9,Others
d5c58ef20dba11ecb1e81171463288e9,Others
d5c590aa0dba11ecb1e81171463288e9,choose
d5c5967c0dba11ecb1e81171463288e9,number
d5c59afa0dba11ecb1e81171463288e9,Others
d5c59dd40dba11ecb1e81171463288e9,shape
d5c5a3740dba11ecb1e81171463288e9,number
d5c5a7340dba11ecb1e81171463288e9,Others
d5c5aab80dba11ecb1e81171463288e9,number
d5c5acca0dba11ecb1e81171463288e9,choose
d5c5c0ca0dba11ecb1e81171463288e9,Others
d5c5c0e80dba11ecb1e81171463288e9,choose
d5c5c1100dba11ecb1e81171463288e9,color
d5c5c6240dba11ecb1e81171463288e9,Others
d5c5c70a0dba11ecb1e81171463288e9,Others
d5c5c99e0dba11ecb1e81171463288e9,number
d5c5c9f80dba11ecb1e81171463288e9,number
d5c5d18c0dba11ecb1e81171463288e9,choose
d5c5d2040dba11ecb1e81171463288e9,YesNo
d5c5d2720dba11ecb1e81171463288e9,Others
d5c5d5600dba11ecb1e81171463288e9,Others
d5c5d5e20dba11ecb1e81171463288e9,number
d5c5d7860dba11ecb1e81171463288e9,color
d5c5dcf40dba11ecb1e81171463288e9,choose
d5c5dee80dba11ecb1e81171463288e9,YesNo
d5c5e1220dba11ecb1e81171463288e9,choose
d5c5e2d00dba11ecb1e81171463288e9,Others
d5c5e5460dba11ecb1e81171463288e9,YesNo
d5c5e6fe0dba11ecb1e81171463288e9,Others
d5c5e85c0dba11ecb1e81171463288e9,Others
d5c5ed340dba11ecb1e81171463288e9,number
d5c5eea60dba11ecb1e81171463288e9,YesNo
d5c5efdc0dba11ecb1e81171463288e9,color
d5c5f3380dba11ecb1e81171463288e9,number
d5c5f7840dba11ecb1e81171463288e9,color
d5c5f9280dba11ecb1e81171463288e9,Others
d5c601c00dba11ecb1e81171463288e9,YesNo
d5c607ce0dba11ecb1e81171463288e9,YesNo
d5c610340dba11ecb1e81171463288e9,Others
d5c6105c0dba11ecb1e81171463288e9,YesNo
d5c616920dba11ecb1e81171463288e9,Others
d5c6196c0dba11ecb1e81171463288e9,YesNo
d5c62f380dba11ecb1e81171463288e9,choose
d5c632b20dba11ecb1e81171463288e9,choose
d5c639a60dba11ecb1e81171463288e9,choose
d5c63f460dba11ecb1e81171463288e9,Others
d5c6402c0dba11ecb1e81171463288e9,Others
d5c6422a0dba11ecb1e81171463288e9,shape
d5c6468a0dba11ecb1e81171463288e9,color
d5c646f80dba11ecb1e81171463288e9,Others
d5c649f00dba11ecb1e81171463288e9,YesNo
d5c64bda0dba11ecb1e81171463288e9,Others
d5c650620dba11ecb1e81171463288e9,Others
d5c6549a0dba11ecb1e81171463288e9,number
d5c657e20dba11ecb1e81171463288e9,color
d5c65c920dba11ecb1e81171463288e9,number
d5c660700dba11ecb1e81171463288e9,color
d5c660980dba11ecb1e81171463288e9,number
d5c661560dba11ecb1e81171463288e9,color
d5c665200dba11ecb1e81171463288e9,choose
d5c6675a0dba11ecb1e81171463288e9,YesNo
d5c66ab60dba11ecb1e81171463288e9,number
d5c66f200dba11ecb1e81171463288e9,Others
d5c670ce0dba11ecb1e81171463288e9,shape
d5c675240dba11ecb1e81171463288e9,YesNo
d5c679980dba11ecb1e81171463288e9,choose
d5c67e980dba11ecb1e81171463288e9,number
d5c67fa60dba11ecb1e81171463288e9,Others
d5c689ec0dba11ecb1e81171463288e9,YesNo
d5c68e740dba11ecb1e81171463288e9,Others
d5c69c5c0dba11ecb1e81171463288e9,Others
d5c69ee60dba11ecb1e81171463288e9,Others
d5c6a0580dba11ecb1e81171463288e9,YesNo
d5c6a22e0dba11ecb1e81171463288e9,choose
d5c6a24c0dba11ecb1e81171463288e9,Others
d5c6a5f80dba11ecb1e81171463288e9,shape
d5c6a7420dba11ecb1e81171463288e9,Others
d5c6a76a0dba11ecb1e81171463288e9,Others
d5c6abb60dba11ecb1e81171463288e9,Others
d5c6ae9a0dba11ecb1e81171463288e9,YesNo
d5c6b00c0dba11ecb1e81171463288e9,shape
d5c6b2aa0dba11ecb1e81171463288e9,YesNo
d5c6b41c0dba11ecb1e81171463288e9,number
d5c6b69c0dba11ecb1e81171463288e9,YesNo
d5c6bb4c0dba11ecb1e81171463288e9,number
d5c6bc820dba11ecb1e81171463288e9,number
d5c6bcfa0dba11ecb1e81171463288e9,YesNo
d5c6cc720dba11ecb1e81171463288e9,number
d5c6cf7e0dba11ecb1e81171463288e9,choose
d5c6d14a0dba11ecb1e81171463288e9,number
d5c6d9ec0dba11ecb1e81171463288e9,choose
d5c6dd980dba11ecb1e81171463288e9,choose
d5c6e6120dba11ecb1e81171463288e9,choose
d5c6e7200dba11ecb1e81171463288e9,number
d5c6e9140dba11ecb1e81171463288e9,Others
d5c6edba0dba11ecb1e81171463288e9,choose
d5c6f0da0dba11ecb1e81171463288e9,choose
d5c6f1020dba11ecb1e81171463288e9,number
d5c6f2ba0dba11ecb1e81171463288e9,Others
d5c6f4ae0dba11ecb1e81171463288e9,Others
d5c6f4fe0dba11ecb1e81171463288e9,Others
d5c6f59e0dba11ecb1e81171463288e9,YesNo
d5c6f6520dba11ecb1e81171463288e9,YesNo
d5c6fa6c0dba11ecb1e81171463288e9,YesNo
d5c6fb980dba11ecb1e81171463288e9,YesNo
d5c6fc7e0dba11ecb1e81171463288e9,number
d5c6fe360dba11ecb1e81171463288e9,Others
d5c701a60dba11ecb1e81171463288e9,color
d5c705e80dba11ecb1e81171463288e9,color
d5c707140dba11ecb1e81171463288e9,YesNo
d5c7073c0dba11ecb1e81171463288e9,YesNo
d5c7084a0dba11ecb1e81171463288e9,YesNo
d5c70a3e0dba11ecb1e81171463288e9,YesNo
d5c7109c0dba11ecb1e81171463288e9,number
d5c714d40dba11ecb1e81171463288e9,choose
d5c717900dba11ecb1e81171463288e9,Others
d5c718080dba11ecb1e81171463288e9,choose
d5c718260dba11ecb1e81171463288e9,YesNo
d5c71cea0dba11ecb1e81171463288e9,Others
d5c71d620dba11ecb1e81171463288e9,Others
d5c71db20dba11ecb1e81171463288e9,Others
d5c71ea20dba11ecb1e81171463288e9,Others
d5c71ff60dba11ecb1e81171463288e9,YesNo
d5c7244c0dba11ecb1e81171463288e9,number
d5c724740dba11ecb1e81171463288e9,choose
d5c725320dba11ecb1e81171463288e9,Others
d5c729d80dba11ecb1e81171463288e9,number
d5c72cc60dba11ecb1e81171463288e9,color
d5c730540dba11ecb1e81171463288e9,number
d5c73cb60dba11ecb1e81171463288e9,color
d5c73e140dba11ecb1e81171463288e9,YesNo
d5c73e3c0dba11ecb1e81171463288e9,YesNo
d5c740f80dba11ecb1e81171463288e9,choose
d5c743aa0dba11ecb1e81171463288e9,YesNo
d5c747c40dba11ecb1e81171463288e9,YesNo
d5c749ae0dba11ecb1e81171463288e9,YesNo
d5c74bac0dba11ecb1e81171463288e9,Others
d5c7532c0dba11ecb1e81171463288e9,Others
d5c755c00dba11ecb1e81171463288e9,YesNo
d5c758b80dba11ecb1e81171463288e9,Others
d5c759a80dba11ecb1e81171463288e9,number
d5c75a480dba11ecb1e81171463288e9,Others
d5c75fd40dba11ecb1e81171463288e9,number
d5c760740dba11ecb1e81171463288e9,number
d5c765880dba11ecb1e81171463288e9,YesNo
d5c76b3c0dba11ecb1e81171463288e9,YesNo
d5c76d760dba11ecb1e81171463288e9,color
d5c770b40dba11ecb1e81171463288e9,Others
d5c7785c0dba11ecb1e81171463288e9,number
d5c778ca0dba11ecb1e81171463288e9,choose
d5c77aa00dba11ecb1e81171463288e9,number
d5c7857c0dba11ecb1e81171463288e9,choose
d5c785a40dba11ecb1e81171463288e9,Others
d5c788740dba11ecb1e81171463288e9,YesNo
d5c78b4e0dba11ecb1e81171463288e9,choose
d5c78b760dba11ecb1e81171463288e9,Others
d5c78c520dba11ecb1e81171463288e9,choose
d5c78d1a0dba11ecb1e81171463288e9,YesNo
d5c78d600dba11ecb1e81171463288e9,number
d5c78e000dba11ecb1e81171463288e9,shape
d5c78f720dba11ecb1e81171463288e9,shape
d5c79fd00dba11ecb1e81171463288e9,Others
d5c7a1420dba11ecb1e81171463288e9,Others
d5c7a6380dba11ecb1e81171463288e9,choose
d5c7afd40dba11ecb1e81171463288e9,Others
d5c7affc0dba11ecb1e81171463288e9,number
d5c7b10a0dba11ecb1e81171463288e9,YesNo
d5c7b6640dba11ecb1e81171463288e9,choose
d5c7b7220dba11ecb1e81171463288e9,color
d5c7b8b20dba11ecb1e81171463288e9,Others
d5c7b9b60dba11ecb1e81171463288e9,YesNo
d5c7bad80dba11ecb1e81171463288e9,Others
d5c7be700dba11ecb1e81171463288e9,YesNo
d5c7bf240dba11ecb1e81171463288e9,choose
d5c7bfc40dba11ecb1e81171463288e9,YesNo
d5c7c1900dba11ecb1e81171463288e9,choose
d5c7c2580dba11ecb1e81171463288e9,YesNo
d5c7c8d40dba11ecb1e81171463288e9,YesNo
d5c7c91a0dba11ecb1e81171463288e9,choose
d5c7c96a0dba11ecb1e81171463288e9,YesNo
d5c7ce600dba11ecb1e81171463288e9,color
d5c7cea60dba11ecb1e81171463288e9,YesNo
d5c7cf6e0dba11ecb1e81171463288e9,number
d5c7d2480dba11ecb1e81171463288e9,choose
d5c7d2700dba11ecb1e81171463288e9,Others
d5c7da360dba11ecb1e81171463288e9,Others
d5c7dfa40dba11ecb1e81171463288e9,YesNo
d5c7e2b00dba11ecb1e81171463288e9,Others
d5c7e53a0dba11ecb1e81171463288e9,YesNo
d5c7e6980dba11ecb1e81171463288e9,Others
d5c7e8c80dba11ecb1e81171463288e9,Others
d5c7ea440dba11ecb1e81171463288e9,Others
d5c7edbe0dba11ecb1e81171463288e9,color
d5c7f5160dba11ecb1e81171463288e9,choose
d5c7f5b60dba11ecb1e81171463288e9,color
d5c7f85e0dba11ecb1e81171463288e9,shape
d5c7f8ae0dba11ecb1e81171463288e9,number
d5c800920dba11ecb1e81171463288e9,Others
d5c801280dba11ecb1e81171463288e9,YesNo
d5c804840dba11ecb1e81171463288e9,YesNo
d5c806000dba11ecb1e81171463288e9,color
d5c80dd00dba11ecb1e81171463288e9,choose
d5c80f6a0dba11ecb1e81171463288e9,number
d5c8114a0dba11ecb1e81171463288e9,YesNo
d5c817800dba11ecb1e81171463288e9,YesNo
d5c83ac60dba11ecb1e81171463288e9,Others
d5c845f20dba11ecb1e81171463288e9,Others
d5c84d720dba11ecb1e81171463288e9,Others
d5c84e6c0dba11ecb1e81171463288e9,number
d5c8533a0dba11ecb1e81171463288e9,color
d5c85d440dba11ecb1e81171463288e9,YesNo
d5c863340dba11ecb1e81171463288e9,Others
d5c8646a0dba11ecb1e81171463288e9,Others
d5c86c3a0dba11ecb1e81171463288e9,number
d5c86eba0dba11ecb1e81171463288e9,YesNo
d5c86fe60dba11ecb1e81171463288e9,choose
d5c873e20dba11ecb1e81171463288e9,Others
d5c874a00dba11ecb1e81171463288e9,YesNo
d5c8798c0dba11ecb1e81171463288e9,choose
d5c87f0e0dba11ecb1e81171463288e9,YesNo
d5c87fd60dba11ecb1e81171463288e9,Others
d5c880bc0dba11ecb1e81171463288e9,number
d5c8876a0dba11ecb1e81171463288e9,Others
d5c88efe0dba11ecb1e81171463288e9,number
d5c8993a0dba11ecb1e81171463288e9,color
d5c89a2a0dba11ecb1e81171463288e9,Others
d5c89dea0dba11ecb1e81171463288e9,YesNo
d5c89eda0dba11ecb1e81171463288e9,Others
d5c8a16e0dba11ecb1e81171463288e9,Others
d5c8a5f60dba11ecb1e81171463288e9,choose
d5c8a9a20dba11ecb1e81171463288e9,choose
d5c8ab000dba11ecb1e81171463288e9,Others
d5c8ab280dba11ecb1e81171463288e9,Others
d5c8af6a0dba11ecb1e81171463288e9,color
d5c8b0fa0dba11ecb1e81171463288e9,YesNo
d5c8b2c60dba11ecb1e81171463288e9,Others
d5c8b3660dba11ecb1e81171463288e9,number
d5c8b49c0dba11ecb1e81171463288e9,Others
d5c8b4f60dba11ecb1e81171463288e9,choose
d5c8bb040dba11ecb1e81171463288e9,number
d5c8c52c0dba11ecb1e81171463288e9,Others
d5c8cc020dba11ecb1e81171463288e9,YesNo
d5c8cc2a0dba11ecb1e81171463288e9,choose
d5c8cd380dba11ecb1e81171463288e9,YesNo
d5c8cdd80dba11ecb1e81171463288e9,YesNo
d5c8ce280dba11ecb1e81171463288e9,Others
d5c8d1ca0dba11ecb1e81171463288e9,color
d5c8d40e0dba11ecb1e81171463288e9,YesNo
d5c8d5d00dba11ecb1e81171463288e9,choose
d5c8d6a20dba11ecb1e81171463288e9,Others
d5c8d7380dba11ecb1e81171463288e9,choose
d5c8d7d80dba11ecb1e81171463288e9,choose
d5c8df3a0dba11ecb1e81171463288e9,number
d5c8e4120dba11ecb1e81171463288e9,Others
d5c8e64c0dba11ecb1e81171463288e9,shape
d5c8e8540dba11ecb1e81171463288e9,Others
d5c8e9ee0dba11ecb1e81171463288e9,YesNo
d5c8edc20dba11ecb1e81171463288e9,Others
d5c8f1280dba11ecb1e81171463288e9,number
d5c8f1780dba11ecb1e81171463288e9,YesNo
d5c8f2860dba11ecb1e81171463288e9,choose
d5c8f2a40dba11ecb1e81171463288e9,Others
d5c8f5ba0dba11ecb1e81171463288e9,color
d5c8fc0e0dba11ecb1e81171463288e9,Others
d5c8fe980dba11ecb1e81171463288e9,Others
d5c8ffa60dba11ecb1e81171463288e9,YesNo
d5c900460dba11ecb1e81171463288e9,number
d5c901360dba11ecb1e81171463288e9,shape
d5c906040dba11ecb1e81171463288e9,YesNo
d5c908d40dba11ecb1e81171463288e9,YesNo
d5c90be00dba11ecb1e81171463288e9,Others
d5c90cc60dba11ecb1e81171463288e9,number
d5c90e060dba11ecb1e81171463288e9,YesNo
d5c913600dba11ecb1e81171463288e9,Others
d5c9191e0dba11ecb1e81171463288e9,Others
d5c919c80dba11ecb1e81171463288e9,number
d5c921980dba11ecb1e81171463288e9,YesNo
d5c924180dba11ecb1e81171463288e9,Others
d5c925440dba11ecb1e81171463288e9,YesNo
d5c926d40dba11ecb1e81171463288e9,shape
d5c926fc0dba11ecb1e81171463288e9,choose
d5c929360dba11ecb1e81171463288e9,choose
d5c92a800dba11ecb1e81171463288e9,choose
d5c92c600dba11ecb1e81171463288e9,choose
d5c9314c0dba11ecb1e81171463288e9,choose
d5c933900dba11ecb1e81171463288e9,YesNo
d5c93bec0dba11ecb1e81171463288e9,Others
d5c940ce0dba11ecb1e81171463288e9,number
d5c941820dba11ecb1e81171463288e9,Others
d5c942b80dba11ecb1e81171463288e9,choose
d5c944d40dba11ecb1e81171463288e9,YesNo
d5c944fc0dba11ecb1e81171463288e9,YesNo
d5c947cc0dba11ecb1e81171463288e9,choose
d5c9483a0dba11ecb1e81171463288e9,number
d5c9488a0dba11ecb1e81171463288e9,color
d5c948a80dba11ecb1e81171463288e9,YesNo
d5c949c00dba11ecb1e81171463288e9,YesNo
d5c94ab00dba11ecb1e81171463288e9,YesNo
d5c94ad80dba11ecb1e81171463288e9,Others
d5c94be60dba11ecb1e81171463288e9,Others
d5c94c7c0dba11ecb1e81171463288e9,Others
d5c953fc0dba11ecb1e81171463288e9,Others
d5c95a5a0dba11ecb1e81171463288e9,Others
d5c95ad20dba11ecb1e81171463288e9,Others
d5c95f1e0dba11ecb1e81171463288e9,Others
d5c960360dba11ecb1e81171463288e9,YesNo
d5c962160dba11ecb1e81171463288e9,choose
d5c967200dba11ecb1e81171463288e9,Others
d5c968a60dba11ecb1e81171463288e9,choose
d5c968f60dba11ecb1e81171463288e9,number
d5c969960dba11ecb1e81171463288e9,number
d5c96b120dba11ecb1e81171463288e9,number
d5c96ca20dba11ecb1e81171463288e9,Others
d5c96d920dba11ecb1e81171463288e9,Others
d5c96e640dba11ecb1e81171463288e9,Others
d5c96e8c0dba11ecb1e81171463288e9,color
d5c9722e0dba11ecb1e81171463288e9,number
d5c972b00dba11ecb1e81171463288e9,YesNo
d5c9747c0dba11ecb1e81171463288e9,choose
d5c976160dba11ecb1e81171463288e9,choose
d5c9792c0dba11ecb1e81171463288e9,choose
d5c97ada0dba11ecb1e81171463288e9,YesNo
d5c97b160dba11ecb1e81171463288e9,choose
d5c97e040dba11ecb1e81171463288e9,YesNo
d5c97e540dba11ecb1e81171463288e9,YesNo
d5c97e720dba11ecb1e81171463288e9,choose
d5c981ce0dba11ecb1e81171463288e9,YesNo
d5c985e80dba11ecb1e81171463288e9,choose
d5c988860dba11ecb1e81171463288e9,choose
d5c98d040dba11ecb1e81171463288e9,number
d5c994700dba11ecb1e81171463288e9,YesNo
d5c996280dba11ecb1e81171463288e9,Others
d5c99a9c0dba11ecb1e81171463288e9,Others
d5c99cc20dba11ecb1e81171463288e9,YesNo
d5c9a1ae0dba11ecb1e81171463288e9,choose
d5c9a53c0dba11ecb1e81171463288e9,number
d5c9a5640dba11ecb1e81171463288e9,Others
d5c9b1940dba11ecb1e81171463288e9,choose
d5c9b2d40dba11ecb1e81171463288e9,Others
d5c9b6260dba11ecb1e81171463288e9,YesNo
d5c9b7a20dba11ecb1e81171463288e9,number
d5c9c2c40dba11ecb1e81171463288e9,choose
d5c9c3140dba11ecb1e81171463288e9,YesNo
d5c9c3fa0dba11ecb1e81171463288e9,YesNo
d5c9ca300dba11ecb1e81171463288e9,Others
d5c9d93a0dba11ecb1e81171463288e9,YesNo
d5c9dd7c0dba11ecb1e81171463288e9,Others
d5c9e0e20dba11ecb1e81171463288e9,choose
d5c9e4ca0dba11ecb1e81171463288e9,number
d5c9e5420dba11ecb1e81171463288e9,choose
d5c9e6780dba11ecb1e81171463288e9,color
d5c9ea060dba11ecb1e81171463288e9,YesNo
d5c9f12c0dba11ecb1e81171463288e9,number
d5c9f8020dba11ecb1e81171463288e9,choose
d5c9f87a0dba11ecb1e81171463288e9,choose
d5ca066c0dba11ecb1e81171463288e9,Others
d5ca08ec0dba11ecb1e81171463288e9,color
d5ca095a0dba11ecb1e81171463288e9,choose
d5ca11480dba11ecb1e81171463288e9,color
d5ca118e0dba11ecb1e81171463288e9,YesNo
d5ca17740dba11ecb1e81171463288e9,YesNo
d5ca1fb20dba11ecb1e81171463288e9,Others
d5ca20c00dba11ecb1e81171463288e9,YesNo
d5ca21100dba11ecb1e81171463288e9,YesNo
d5ca287c0dba11ecb1e81171463288e9,choose
d5ca2f520dba11ecb1e81171463288e9,shape
d5ca31dc0dba11ecb1e81171463288e9,choose
d5ca37e00dba11ecb1e81171463288e9,YesNo
d5ca38300dba11ecb1e81171463288e9,YesNo
d5ca3e340dba11ecb1e81171463288e9,number
d5ca44d80dba11ecb1e81171463288e9,YesNo
d5ca4ba40dba11ecb1e81171463288e9,Others
d5ca4dca0dba11ecb1e81171463288e9,Others
d5ca53100dba11ecb1e81171463288e9,YesNo
d5ca59aa0dba11ecb1e81171463288e9,shape
d5ca5acc0dba11ecb1e81171463288e9,shape
d5ca5b080dba11ecb1e81171463288e9,number
d5ca6fda0dba11ecb1e81171463288e9,YesNo
d5ca75520dba11ecb1e81171463288e9,YesNo
d5ca7f520dba11ecb1e81171463288e9,YesNo
d5ca83c60dba11ecb1e81171463288e9,YesNo
d5ca83f80dba11ecb1e81171463288e9,choose
d5ca84480dba11ecb1e81171463288e9,YesNo
d5ca89020dba11ecb1e81171463288e9,Others
d5ca905a0dba11ecb1e81171463288e9,number
d5ca93520dba11ecb1e81171463288e9,YesNo
d5ca946a0dba11ecb1e81171463288e9,YesNo
d5ca97260dba11ecb1e81171463288e9,YesNo
d5ca980c0dba11ecb1e81171463288e9,YesNo
d5ca98340dba11ecb1e81171463288e9,YesNo
d5ca99100dba11ecb1e81171463288e9,number
d5ca9b0e0dba11ecb1e81171463288e9,YesNo
d5ca9b360dba11ecb1e81171463288e9,number
d5ca9fe60dba11ecb1e81171463288e9,number
d5caa27a0dba11ecb1e81171463288e9,YesNo
d5caa3420dba11ecb1e81171463288e9,choose
d5caa4aa0dba11ecb1e81171463288e9,YesNo
d5caa5900dba11ecb1e81171463288e9,color
d5caacac0dba11ecb1e81171463288e9,Others
d5cab0080dba11ecb1e81171463288e9,YesNo
d5cab04e0dba11ecb1e81171463288e9,Others
d5cab6c00dba11ecb1e81171463288e9,Others
d5cab6e80dba11ecb1e81171463288e9,Others
d5cac12e0dba11ecb1e81171463288e9,Others
d5cac6c40dba11ecb1e81171463288e9,YesNo
d5cac7640dba11ecb1e81171463288e9,choose
d5cac9620dba11ecb1e81171463288e9,choose
d5cac9b20dba11ecb1e81171463288e9,YesNo
d5cacaf20dba11ecb1e81171463288e9,number
d5cacb6a0dba11ecb1e81171463288e9,Others
d5cacc5a0dba11ecb1e81171463288e9,Others
d5cacd2c0dba11ecb1e81171463288e9,YesNo
d5cad4700dba11ecb1e81171463288e9,YesNo
d5cad5d80dba11ecb1e81171463288e9,number
d5cad8760dba11ecb1e81171463288e9,number
d5cad9660dba11ecb1e81171463288e9,Others
d5cada420dba11ecb1e81171463288e9,YesNo
d5cada920dba11ecb1e81171463288e9,Others
d5cadae20dba11ecb1e81171463288e9,number
d5cadc4a0dba11ecb1e81171463288e9,number
d5cadc900dba11ecb1e81171463288e9,choose
d5cade700dba11ecb1e81171463288e9,choose
d5cadfd80dba11ecb1e81171463288e9,YesNo
d5cae1360dba11ecb1e81171463288e9,choose
d5cae2c60dba11ecb1e81171463288e9,choose
d5cae4920dba11ecb1e81171463288e9,Others
d5cae6680dba11ecb1e81171463288e9,Others
d5cae9b00dba11ecb1e81171463288e9,Others
d5caeeec0dba11ecb1e81171463288e9,Others
d5caf36a0dba11ecb1e81171463288e9,number
d5caf77a0dba11ecb1e81171463288e9,color
d5caf7980dba11ecb1e81171463288e9,number
d5caf9500dba11ecb1e81171463288e9,YesNo
d5cafacc0dba11ecb1e81171463288e9,number
d5cafc8e0dba11ecb1e81171463288e9,Others
d5cafcd40dba11ecb1e81171463288e9,YesNo
d5caff4a0dba11ecb1e81171463288e9,Others
d5cb054e0dba11ecb1e81171463288e9,choose
d5cb09680dba11ecb1e81171463288e9,Others
d5cb0abc0dba11ecb1e81171463288e9,Others
d5cb0c7e0dba11ecb1e81171463288e9,Others
d5cb13ae0dba11ecb1e81171463288e9,number
d5cb15fc0dba11ecb1e81171463288e9,choose
d5cb1a660dba11ecb1e81171463288e9,Others
d5cb1c280dba11ecb1e81171463288e9,Others
d5cb1d860dba11ecb1e81171463288e9,Others
d5cb20c40dba11ecb1e81171463288e9,Others
d5cb22cc0dba11ecb1e81171463288e9,choose
d5cb25ec0dba11ecb1e81171463288e9,number
d5cb29de0dba11ecb1e81171463288e9,number
d5cb38d40dba11ecb1e81171463288e9,Others
d5cb3d520dba11ecb1e81171463288e9,Others
d5cb420c0dba11ecb1e81171463288e9,YesNo
d5cb42f20dba11ecb1e81171463288e9,choose
d5cb4c200dba11ecb1e81171463288e9,choose
d5cb513e0dba11ecb1e81171463288e9,color
d5cb524c0dba11ecb1e81171463288e9,number
d5cb563e0dba11ecb1e81171463288e9,number
d5cb59ae0dba11ecb1e81171463288e9,number
d5cb5b660dba11ecb1e81171463288e9,YesNo
d5cb5ca60dba11ecb1e81171463288e9,Others
d5cb63220dba11ecb1e81171463288e9,YesNo
d5cb68e00dba11ecb1e81171463288e9,Others
d5cb6b060dba11ecb1e81171463288e9,choose
d5cb70a60dba11ecb1e81171463288e9,number
d5cb73da0dba11ecb1e81171463288e9,number
d5cb74a20dba11ecb1e81171463288e9,YesNo
d5cb78bc0dba11ecb1e81171463288e9,Others
d5cb797a0dba11ecb1e81171463288e9,Others
d5cb82a80dba11ecb1e81171463288e9,YesNo
d5cb82da0dba11ecb1e81171463288e9,choose
d5cb856e0dba11ecb1e81171463288e9,number
d5cb87d00dba11ecb1e81171463288e9,Others
d5cb892e0dba11ecb1e81171463288e9,Others
d5cb8e9c0dba11ecb1e81171463288e9,YesNo
d5cb95c20dba11ecb1e81171463288e9,YesNo
d5cb98380dba11ecb1e81171463288e9,number
d5cb9d2e0dba11ecb1e81171463288e9,Others
d5cb9e000dba11ecb1e81171463288e9,Others
d5cb9f860dba11ecb1e81171463288e9,Others
d5cba01c0dba11ecb1e81171463288e9,choose
d5cba0b20dba11ecb1e81171463288e9,YesNo
d5cba26a0dba11ecb1e81171463288e9,choose
d5cba4720dba11ecb1e81171463288e9,YesNo
d5cba5800dba11ecb1e81171463288e9,color
d5cba83c0dba11ecb1e81171463288e9,choose
d5cbab200dba11ecb1e81171463288e9,number
d5cbad3c0dba11ecb1e81171463288e9,Others
d5cbb4f80dba11ecb1e81171463288e9,YesNo
d5cbb5980dba11ecb1e81171463288e9,shape
d5cbb84a0dba11ecb1e81171463288e9,choose
d5cbba980dba11ecb1e81171463288e9,Others
d5cbbd2c0dba11ecb1e81171463288e9,Others
d5cbc3440dba11ecb1e81171463288e9,choose
d5cbc4d40dba11ecb1e81171463288e9,choose
d5cbc65a0dba11ecb1e81171463288e9,Others
d5cbc6c80dba11ecb1e81171463288e9,Others
d5cbc7900dba11ecb1e81171463288e9,Others
d5cbc8ee0dba11ecb1e81171463288e9,Others
d5cbca1a0dba11ecb1e81171463288e9,Others
d5cbca920dba11ecb1e81171463288e9,Others
d5cbceac0dba11ecb1e81171463288e9,YesNo
d5cbd2300dba11ecb1e81171463288e9,Others
d5cbd3200dba11ecb1e81171463288e9,Others
d5cbd3660dba11ecb1e81171463288e9,number
d5cbd4920dba11ecb1e81171463288e9,number
d5cbd5320dba11ecb1e81171463288e9,shape
d5cbd8020dba11ecb1e81171463288e9,choose
d5cbdabe0dba11ecb1e81171463288e9,Others
d5cbdf960dba11ecb1e81171463288e9,number
d5cbe86a0dba11ecb1e81171463288e9,number
d5cbea360dba11ecb1e81171463288e9,YesNo
d5cbed7e0dba11ecb1e81171463288e9,number
d5cbef5e0dba11ecb1e81171463288e9,choose
d5cbf5260dba11ecb1e81171463288e9,choose
d5cbf5bc0dba11ecb1e81171463288e9,YesNo
d5cbf8140dba11ecb1e81171463288e9,Others
d5cbf9a40dba11ecb1e81171463288e9,color
d5cbf9ea0dba11ecb1e81171463288e9,YesNo
d5cbfa3a0dba11ecb1e81171463288e9,number
d5cbfa8a0dba11ecb1e81171463288e9,color
d5cbfb980dba11ecb1e81171463288e9,color
d5cbfdbe0dba11ecb1e81171463288e9,Others
d5cbffbc0dba11ecb1e81171463288e9,Others
d5cbffe40dba11ecb1e81171463288e9,shape
d5cc00ca0dba11ecb1e81171463288e9,Others
d5cc0aac0dba11ecb1e81171463288e9,color
d5cc0b240dba11ecb1e81171463288e9,YesNo
d5cc0e260dba11ecb1e81171463288e9,number
d5cc18120dba11ecb1e81171463288e9,number
d5cc1a600dba11ecb1e81171463288e9,Others
d5cc1aa60dba11ecb1e81171463288e9,choose
d5cc22940dba11ecb1e81171463288e9,choose
d5cc2d0c0dba11ecb1e81171463288e9,YesNo
d5cc2eb00dba11ecb1e81171463288e9,shape
d5cc2fe60dba11ecb1e81171463288e9,Others
d5cc354a0dba11ecb1e81171463288e9,YesNo
d5cc38a60dba11ecb1e81171463288e9,color
d5cc39d20dba11ecb1e81171463288e9,color
d5cc3ba80dba11ecb1e81171463288e9,choose
d5cc3bc60dba11ecb1e81171463288e9,choose
d5cc3e8c0dba11ecb1e81171463288e9,choose
d5cc47240dba11ecb1e81171463288e9,YesNo
d5cc49c20dba11ecb1e81171463288e9,Others
d5cc4cb00dba11ecb1e81171463288e9,YesNo
d5cc4fc60dba11ecb1e81171463288e9,Others
d5cc525a0dba11ecb1e81171463288e9,choose
d5cc59bc0dba11ecb1e81171463288e9,Others
d5cc5a7a0dba11ecb1e81171463288e9,YesNo
d5cc5bba0dba11ecb1e81171463288e9,YesNo
d5cc60ba0dba11ecb1e81171463288e9,Others
d5cc62900dba11ecb1e81171463288e9,Others
d5cc688a0dba11ecb1e81171463288e9,Others
d5cc6bdc0dba11ecb1e81171463288e9,shape
d5cc6d1c0dba11ecb1e81171463288e9,color
d5cc6e0c0dba11ecb1e81171463288e9,number
d5cc717c0dba11ecb1e81171463288e9,Others
d5cc71cc0dba11ecb1e81171463288e9,number
d5cc77b20dba11ecb1e81171463288e9,color
d5cc827a0dba11ecb1e81171463288e9,color
d5cc857c0dba11ecb1e81171463288e9,color
d5cc86120dba11ecb1e81171463288e9,number
d5cc8ad60dba11ecb1e81171463288e9,color
d5cc8c0c0dba11ecb1e81171463288e9,YesNo
d5cc8c7a0dba11ecb1e81171463288e9,number
d5cc8db00dba11ecb1e81171463288e9,YesNo
d5cc95080dba11ecb1e81171463288e9,number
d5cc9aa80dba11ecb1e81171463288e9,YesNo
d5cc9bca0dba11ecb1e81171463288e9,number
d5cc9de60dba11ecb1e81171463288e9,color
d5cc9e5e0dba11ecb1e81171463288e9,number
d5cca49e0dba11ecb1e81171463288e9,choose
d5cca6c40dba11ecb1e81171463288e9,YesNo
d5cca96c0dba11ecb1e81171463288e9,Others
d5ccaade0dba11ecb1e81171463288e9,choose
d5ccac3c0dba11ecb1e81171463288e9,number
d5ccb47a0dba11ecb1e81171463288e9,shape
d5ccbbc80dba11ecb1e81171463288e9,Others
d5ccbc220dba11ecb1e81171463288e9,Others
d5ccc0460dba11ecb1e81171463288e9,number
d5ccc9240dba11ecb1e81171463288e9,YesNo
d5cccd840dba11ecb1e81171463288e9,number
d5ccce1a0dba11ecb1e81171463288e9,Others
d5ccd6d00dba11ecb1e81171463288e9,number
d5ccd86a0dba11ecb1e81171463288e9,choose
d5ccd8920dba11ecb1e81171463288e9,YesNo
d5ccd9320dba11ecb1e81171463288e9,Others
d5ccdb4e0dba11ecb1e81171463288e9,Others
d5ccf8f40dba11ecb1e81171463288e9,choose
d5cd007e0dba11ecb1e81171463288e9,YesNo
d5cd060a0dba11ecb1e81171463288e9,YesNo
d5cd068c0dba11ecb1e81171463288e9,Others
d5cd0a740dba11ecb1e81171463288e9,color
d5cd0b1e0dba11ecb1e81171463288e9,Others
d5cd0d620dba11ecb1e81171463288e9,number
d5cd11b80dba11ecb1e81171463288e9,Others
d5cd153c0dba11ecb1e81171463288e9,Others
d5cd1b2c0dba11ecb1e81171463288e9,Others
d5cd1c620dba11ecb1e81171463288e9,number
d5cd1d700dba11ecb1e81171463288e9,Others
d5cd24c80dba11ecb1e81171463288e9,number
d5cd24f00dba11ecb1e81171463288e9,Others
d5cd25680dba11ecb1e81171463288e9,shape
d5cd25b80dba11ecb1e81171463288e9,YesNo
d5cd284c0dba11ecb1e81171463288e9,YesNo
d5cd2b8a0dba11ecb1e81171463288e9,YesNo
d5cd2bf80dba11ecb1e81171463288e9,YesNo
d5cd2c700dba11ecb1e81171463288e9,number
d5cd2fc20dba11ecb1e81171463288e9,Others
d5cd30120dba11ecb1e81171463288e9,Others
d5cd35f80dba11ecb1e81171463288e9,number
d5cd3a760dba11ecb1e81171463288e9,Others
d5cd3bc00dba11ecb1e81171463288e9,number
d5cd40340dba11ecb1e81171463288e9,number
d5cd44260dba11ecb1e81171463288e9,Others
d5cd46c40dba11ecb1e81171463288e9,YesNo
d5cd4cbe0dba11ecb1e81171463288e9,Others
d5cd539e0dba11ecb1e81171463288e9,Others
d5cf46360dba11ecb1e81171463288e9,text
d5cf53c40dba11ecb1e81171463288e9,text
d5cf56300dba11ecb1e81171463288e9,text
d5cf596e0dba11ecb1e81171463288e9,text
d5cf62e20dba11ecb1e81171463288e9,text
d5cf68460dba11ecb1e81171463288e9,text
d5cf6ae40dba11ecb1e81171463288e9,text
d5cf773c0dba11ecb1e81171463288e9,text
d5cf79620dba11ecb1e81171463288e9,text
d5cf83580dba11ecb1e81171463288e9,text
d5cf99ec0dba11ecb1e81171463288e9,text
d5cf9e740dba11ecb1e81171463288e9,text
d5cfb3f00dba11ecb1e81171463288e9,text
d5cfb9ea0dba11ecb1e81171463288e9,text
d5cfbe680dba11ecb1e81171463288e9,text
d5cfc5980dba11ecb1e81171463288e9,text
d5cfc6600dba11ecb1e81171463288e9,text
d5cfd1000dba11ecb1e81171463288e9,text
d5cfdcea0dba11ecb1e81171463288e9,text
d5cfde020dba11ecb1e81171463288e9,text
d5cfe2d00dba11ecb1e81171463288e9,text
d5cffcb60dba11ecb1e81171463288e9,text
d5d005080dba11ecb1e81171463288e9,text
d5d0095e0dba11ecb1e81171463288e9,text
d5d0210a0dba11ecb1e81171463288e9,text
d5d031cc0dba11ecb1e81171463288e9,text
d5d03d2a0dba11ecb1e81171463288e9,text
d5d0441e0dba11ecb1e81171463288e9,text
d5d058dc0dba11ecb1e81171463288e9,text
d5d062f00dba11ecb1e81171463288e9,text
d5d076000dba11ecb1e81171463288e9,text
d5d0781c0dba11ecb1e81171463288e9,text
d5d079e80dba11ecb1e81171463288e9,text
d5d083700dba11ecb1e81171463288e9,text
d5d08bc20dba11ecb1e81171463288e9,text
d5d08e240dba11ecb1e81171463288e9,text
d5d092840dba11ecb1e81171463288e9,text
d5d093c40dba11ecb1e81171463288e9,text
d5d097660dba11ecb1e81171463288e9,text
d5d0984c0dba11ecb1e81171463288e9,text
d5d0a97c0dba11ecb1e81171463288e9,text
d5d0b9bc0dba11ecb1e81171463288e9,text
d5d0c2040dba11ecb1e81171463288e9,text
d5d0d9e20dba11ecb1e81171463288e9,text
d5d0db900dba11ecb1e81171463288e9,text
d5d0dc120dba11ecb1e81171463288e9,text
d5d0e1b20dba11ecb1e81171463288e9,text
d5d0e37e0dba11ecb1e81171463288e9,text
d5d0eb6c0dba11ecb1e81171463288e9,text
d5d0ec340dba11ecb1e81171463288e9,text
d5d0edc40dba11ecb1e81171463288e9,text
d5d0fcba0dba11ecb1e81171463288e9,text
d5d0ff6c0dba11ecb1e81171463288e9,text
d5d101ba0dba11ecb1e81171463288e9,text
d5d113620dba11ecb1e81171463288e9,text
d5d146b60dba11ecb1e81171463288e9,text
d5d14e0e0dba11ecb1e81171463288e9,text
d5d175b40dba11ecb1e81171463288e9,text
d5d176540dba11ecb1e81171463288e9,text
d5d17dca0dba11ecb1e81171463288e9,text
d5d18f220dba11ecb1e81171463288e9,text
d5d18fc20dba11ecb1e81171463288e9,text
d5d197e20dba11ecb1e81171463288e9,text
d5d198b40dba11ecb1e81171463288e9,text
d5d1992c0dba11ecb1e81171463288e9,text
d5d1a2b40dba11ecb1e81171463288e9,text
d5d1aac00dba11ecb1e81171463288e9,text
d5d1b0420dba11ecb1e81171463288e9,text
d5d1b10a0dba11ecb1e81171463288e9,text
d5d1bb6e0dba11ecb1e81171463288e9,text
d5d1bede0dba11ecb1e81171463288e9,text
d5d1ea9e0dba11ecb1e81171463288e9,text
d5d1ec060dba11ecb1e81171463288e9,text
d5d1f7320dba11ecb1e81171463288e9,text
d5d200060dba11ecb1e81171463288e9,text
d5d209ca0dba11ecb1e81171463288e9,text
d5d20b280dba11ecb1e81171463288e9,text
d5d20efc0dba11ecb1e81171463288e9,text
d5d2236a0dba11ecb1e81171463288e9,text
d5d22a220dba11ecb1e81171463288e9,text
d5d248900dba11ecb1e81171463288e9,text
d5d249580dba11ecb1e81171463288e9,text
d5d24ae80dba11ecb1e81171463288e9,text
d5d24c1e0dba11ecb1e81171463288e9,text
d5d25e2a0dba11ecb1e81171463288e9,text
d5d25ff60dba11ecb1e81171463288e9,text
d5d26c760dba11ecb1e81171463288e9,text
d5d26dfc0dba11ecb1e81171463288e9,text
d5d26eb00dba11ecb1e81171463288e9,text
d5d272980dba11ecb1e81171463288e9,text
d5d27d1a0dba11ecb1e81171463288e9,text
d5d2813e0dba11ecb1e81171463288e9,text
d5d281a20dba11ecb1e81171463288e9,text
d5d282ec0dba11ecb1e81171463288e9,text
d5d2888c0dba11ecb1e81171463288e9,text
d5d2930e0dba11ecb1e81171463288e9,text
d5d2a18c0dba11ecb1e81171463288e9,text
d5d2a3760dba11ecb1e81171463288e9,text
d5d2b0140dba11ecb1e81171463288e9,text
d5d2b5e60dba11ecb1e81171463288e9,text
d5d2d27e0dba11ecb1e81171463288e9,text
d5d2da9e0dba11ecb1e81171463288e9,text
d5d2f0f60dba11ecb1e81171463288e9,text
d5d2f33a0dba11ecb1e81171463288e9,text
d5d307da0dba11ecb1e81171463288e9,text
d5d312e80dba11ecb1e81171463288e9,text
d5d3523a0dba11ecb1e81171463288e9,text
d5d36a680dba11ecb1e81171463288e9,text
d5d3733c0dba11ecb1e81171463288e9,text
d5d375800dba11ecb1e81171463288e9,text
d5d376200dba11ecb1e81171463288e9,text
d5d39c040dba11ecb1e81171463288e9,text
d5d39dda0dba11ecb1e81171463288e9,text
d5d3a6540dba11ecb1e81171463288e9,text
d5d3aad20dba11ecb1e81171463288e9,text
d5d3b5860dba11ecb1e81171463288e9,text
d5d3b8740dba11ecb1e81171463288e9,text
d5d3d1880dba11ecb1e81171463288e9,text
d5d3d4c60dba11ecb1e81171463288e9,text
d5d3d7780dba11ecb1e81171463288e9,text
d5d3e2860dba11ecb1e81171463288e9,text
d5d3e60a0dba11ecb1e81171463288e9,text
d5d3e8c60dba11ecb1e81171463288e9,text
d5d3eeca0dba11ecb1e81171463288e9,text
d5d3f19a0dba11ecb1e81171463288e9,text
d5d3f5e60dba11ecb1e81171463288e9,text
d5d3f6ae0dba11ecb1e81171463288e9,text
d5d3f8700dba11ecb1e81171463288e9,text
d5d40f5e0dba11ecb1e81171463288e9,text
d5d418aa0dba11ecb1e81171463288e9,text
d5d41bc00dba11ecb1e81171463288e9,text
d5d427aa0dba11ecb1e81171463288e9,text
d5d429da0dba11ecb1e81171463288e9,text
d5d435600dba11ecb1e81171463288e9,text
d5d435b00dba11ecb1e81171463288e9,text
d5d43c680dba11ecb1e81171463288e9,text
d5d43e3e0dba11ecb1e81171463288e9,text
d5d441900dba11ecb1e81171463288e9,text
d5d443c00dba11ecb1e81171463288e9,text
d5d4447e0dba11ecb1e81171463288e9,text
d5d447da0dba11ecb1e81171463288e9,text
d5d45a0e0dba11ecb1e81171463288e9,text
d5d463dc0dba11ecb1e81171463288e9,text
d5d469cc0dba11ecb1e81171463288e9,text
d5d46ea40dba11ecb1e81171463288e9,text
d5d4748a0dba11ecb1e81171463288e9,text
d5d475ca0dba11ecb1e81171463288e9,text
d5d482040dba11ecb1e81171463288e9,text
d5d485420dba11ecb1e81171463288e9,text
d5d4985c0dba11ecb1e81171463288e9,text
d5d4a1f80dba11ecb1e81171463288e9,text
d5d4a52c0dba11ecb1e81171463288e9,text
d5d4a93c0dba11ecb1e81171463288e9,text
d5d4abc60dba11ecb1e81171463288e9,text
d5d4c1ba0dba11ecb1e81171463288e9,text
d5d4c3ea0dba11ecb1e81171463288e9,text
d5d4cb920dba11ecb1e81171463288e9,text
d5d4d79a0dba11ecb1e81171463288e9,text
d5d4d9200dba11ecb1e81171463288e9,text
d5d4d9a20dba11ecb1e81171463288e9,text
d5d4da4c0dba11ecb1e81171463288e9,text
d5d4db640dba11ecb1e81171463288e9,text
d5d4ee420dba11ecb1e81171463288e9,text
d5d4f3420dba11ecb1e81171463288e9,text
d5d503d20dba11ecb1e81171463288e9,text
d5d508be0dba11ecb1e81171463288e9,text
d5d51cbe0dba11ecb1e81171463288e9,text
d5d520920dba11ecb1e81171463288e9,text
d5d530e60dba11ecb1e81171463288e9,text
d5d532bc0dba11ecb1e81171463288e9,text
d5d542c00dba11ecb1e81171463288e9,text
d5d54e000dba11ecb1e81171463288e9,text
d5d5653e0dba11ecb1e81171463288e9,text
d5d5696c0dba11ecb1e81171463288e9,text
d5d56dea0dba11ecb1e81171463288e9,text
d5d56fb60dba11ecb1e81171463288e9,text
d5d5752e0dba11ecb1e81171463288e9,text
d5d57e2a0dba11ecb1e81171463288e9,text
d5d58fd20dba11ecb1e81171463288e9,text
d5d591b20dba11ecb1e81171463288e9,text
d5d5a92c0dba11ecb1e81171463288e9,text
d5d5ade60dba11ecb1e81171463288e9,text
d5d5bb9c0dba11ecb1e81171463288e9,text
d5d5bc8c0dba11ecb1e81171463288e9,text
d5d5c0060dba11ecb1e81171463288e9,text
d5d5c34e0dba11ecb1e81171463288e9,text
d5d5c39e0dba11ecb1e81171463288e9,text
d5d5c6d20dba11ecb1e81171463288e9,text
d5d5c74a0dba11ecb1e81171463288e9,text
d5d5cace0dba11ecb1e81171463288e9,text
d5d5cd620dba11ecb1e81171463288e9,text
d5d5d0c80dba11ecb1e81171463288e9,text
d5d5d15e0dba11ecb1e81171463288e9,text
d5d5d5c80dba11ecb1e81171463288e9,text
d5d5e31a0dba11ecb1e81171463288e9,text
d5d5ef540dba11ecb1e81171463288e9,text
d5d5f7ec0dba11ecb1e81171463288e9,text
d5d600fc0dba11ecb1e81171463288e9,text
d5d6067e0dba11ecb1e81171463288e9,text
d5d60e1c0dba11ecb1e81171463288e9,text
d5d613bc0dba11ecb1e81171463288e9,text
d5d618300dba11ecb1e81171463288e9,text
d5d61fd80dba11ecb1e81171463288e9,text
d5d627a80dba11ecb1e81171463288e9,text
d5d627d00dba11ecb1e81171463288e9,text
d5d6511a0dba11ecb1e81171463288e9,text
d5d653720dba11ecb1e81171463288e9,text
d5d656e20dba11ecb1e81171463288e9,text
d5d65c140dba11ecb1e81171463288e9,text
d5d66eb60dba11ecb1e81171463288e9,text
d5d67c080dba11ecb1e81171463288e9,text
d5d67ef60dba11ecb1e81171463288e9,text
d5d683ce0dba11ecb1e81171463288e9,text
d5d685fe0dba11ecb1e81171463288e9,text
d5d687200dba11ecb1e81171463288e9,text
d5d6a6b00dba11ecb1e81171463288e9,text
d5d6a7500dba11ecb1e81171463288e9,text
d5d6baec0dba11ecb1e81171463288e9,text
d5d6c6e00dba11ecb1e81171463288e9,text
d5d6d23e0dba11ecb1e81171463288e9,text
d5d6e7ba0dba11ecb1e81171463288e9,text
d5d6f03e0dba11ecb1e81171463288e9,text
d5d6f4800dba11ecb1e81171463288e9,text
d5d70ae20dba11ecb1e81171463288e9,text
d5d7101e0dba11ecb1e81171463288e9,text
d5d71bcc0dba11ecb1e81171463288e9,text
d5d726080dba11ecb1e81171463288e9,text
d5d73ecc0dba11ecb1e81171463288e9,text
d5d74a8e0dba11ecb1e81171463288e9,text
d5d74f7a0dba11ecb1e81171463288e9,text
d5d756000dba11ecb1e81171463288e9,text
d5d75a100dba11ecb1e81171463288e9,text
d5d75b320dba11ecb1e81171463288e9,text
d5d762080dba11ecb1e81171463288e9,text
d5d7664a0dba11ecb1e81171463288e9,text
d5d76b540dba11ecb1e81171463288e9,text
d5d76ef60dba11ecb1e81171463288e9,text
d5d777d40dba11ecb1e81171463288e9,text
d5d77c2a0dba11ecb1e81171463288e9,text
d5d787ba0dba11ecb1e81171463288e9,text
d5d7897c0dba11ecb1e81171463288e9,text
d5d790160dba11ecb1e81171463288e9,text
d5d791380dba11ecb1e81171463288e9,text
d5d795840dba11ecb1e81171463288e9,text
d5d79b240dba11ecb1e81171463288e9,text
d5d79cdc0dba11ecb1e81171463288e9,text
d5d7bb400dba11ecb1e81171463288e9,text
d5d7cf860dba11ecb1e81171463288e9,text
d5d7d6fc0dba11ecb1e81171463288e9,text
d5d7da260dba11ecb1e81171463288e9,text
d5d7ed2c0dba11ecb1e81171463288e9,text
d5d808700dba11ecb1e81171463288e9,text
d5d80a960dba11ecb1e81171463288e9,text
d5d81df60dba11ecb1e81171463288e9,text
d5d821ac0dba11ecb1e81171463288e9,text
d5d82c060dba11ecb1e81171463288e9,text
d5d82ea40dba11ecb1e81171463288e9,text
d5d83aac0dba11ecb1e81171463288e9,text
d5d843580dba11ecb1e81171463288e9,text
d5d845b00dba11ecb1e81171463288e9,text
d5d853b60dba11ecb1e81171463288e9,text
d5d862de0dba11ecb1e81171463288e9,text
d5d867ca0dba11ecb1e81171463288e9,text
d5d868b00dba11ecb1e81171463288e9,text
d5d8794a0dba11ecb1e81171463288e9,text
d5d87a120dba11ecb1e81171463288e9,text
d5d8889a0dba11ecb1e81171463288e9,text
d5d88a160dba11ecb1e81171463288e9,text
d5d88ad40dba11ecb1e81171463288e9,text
d5d897720dba11ecb1e81171463288e9,text
d5d8a03c0dba11ecb1e81171463288e9,text
d5d8b5180dba11ecb1e81171463288e9,text
d5d8b86a0dba11ecb1e81171463288e9,text
d5d8bfea0dba11ecb1e81171463288e9,text
d5d8d5200dba11ecb1e81171463288e9,text
d5d8e3580dba11ecb1e81171463288e9,text
d5d8e9520dba11ecb1e81171463288e9,text
d5d8f2c60dba11ecb1e81171463288e9,text
d5d8f8520dba11ecb1e81171463288e9,text
d5d914680dba11ecb1e81171463288e9,text
d5d92a160dba11ecb1e81171463288e9,text
d5d930920dba11ecb1e81171463288e9,text
d5d948160dba11ecb1e81171463288e9,text
d5d94ea60dba11ecb1e81171463288e9,text
d5d957c00dba11ecb1e81171463288e9,text
d5d959460dba11ecb1e81171463288e9,text
d5d95cf20dba11ecb1e81171463288e9,text
d5d963280dba11ecb1e81171463288e9,text
d5d966de0dba11ecb1e81171463288e9,text
d5d969c20dba11ecb1e81171463288e9,text
d5d97e9e0dba11ecb1e81171463288e9,text
d5d98a380dba11ecb1e81171463288e9,text
d5d99f500dba11ecb1e81171463288e9,text
d5d9a9640dba11ecb1e81171463288e9,text
d5d9b6e80dba11ecb1e81171463288e9,text
d5d9bf940dba11ecb1e81171463288e9,text
d5d9c6ce0dba11ecb1e81171463288e9,text
d5d9ccaa0dba11ecb1e81171463288e9,text
d5d9ce760dba11ecb1e81171463288e9,text
d5d9d63c0dba11ecb1e81171463288e9,text
d5d9dd760dba11ecb1e81171463288e9,text
d5d9e9f60dba11ecb1e81171463288e9,text
d5d9eb180dba11ecb1e81171463288e9,text
d5d9eeec0dba11ecb1e81171463288e9,text
d5da06a20dba11ecb1e81171463288e9,text
d5da0fa80dba11ecb1e81171463288e9,text
d5da11b00dba11ecb1e81171463288e9,text
d5da13180dba11ecb1e81171463288e9,text
d5da22540dba11ecb1e81171463288e9,text
d5da27b80dba11ecb1e81171463288e9,text
d5da2b8c0dba11ecb1e81171463288e9,text
d5da31360dba11ecb1e81171463288e9,text
d5da360e0dba11ecb1e81171463288e9,text
d5da373a0dba11ecb1e81171463288e9,text
d5da3e1a0dba11ecb1e81171463288e9,text
d5da4be40dba11ecb1e81171463288e9,text
d5da58aa0dba11ecb1e81171463288e9,text
d5da66060dba11ecb1e81171463288e9,text
d5da676e0dba11ecb1e81171463288e9,text
d5da6e440dba11ecb1e81171463288e9,text
d5da7c720dba11ecb1e81171463288e9,text
d5da7e7a0dba11ecb1e81171463288e9,text
d5da873a0dba11ecb1e81171463288e9,text
d5da91620dba11ecb1e81171463288e9,text
d5da93a60dba11ecb1e81171463288e9,text
d5dab1740dba11ecb1e81171463288e9,text
d5dab25a0dba11ecb1e81171463288e9,text
d5dab6ec0dba11ecb1e81171463288e9,text
d5dac57e0dba11ecb1e81171463288e9,text
d5dad2080dba11ecb1e81171463288e9,text
d5dadc080dba11ecb1e81171463288e9,text
d5dadde80dba11ecb1e81171463288e9,text
d5dae1260dba11ecb1e81171463288e9,text
d5daf51c0dba11ecb1e81171463288e9,text
d5daf9fe0dba11ecb1e81171463288e9,text
d5db05020dba11ecb1e81171463288e9,text
d5db0ff20dba11ecb1e81171463288e9,text
d5db1e0c0dba11ecb1e81171463288e9,text
d5db203c0dba11ecb1e81171463288e9,text
d5db2f960dba11ecb1e81171463288e9,text
d5db36300dba11ecb1e81171463288e9,text
d5db46340dba11ecb1e81171463288e9,text
d5db46e80dba11ecb1e81171463288e9,text
d5db59440dba11ecb1e81171463288e9,text
d5db67400dba11ecb1e81171463288e9,text
d5db69200dba11ecb1e81171463288e9,text
d5db70be0dba11ecb1e81171463288e9,text
d5db767c0dba11ecb1e81171463288e9,text
d5dba7c80dba11ecb1e81171463288e9,text
d5dbacf00dba11ecb1e81171463288e9,text
d5dbc4880dba11ecb1e81171463288e9,text
d5dbd27a0dba11ecb1e81171463288e9,text
d5dbd2d40dba11ecb1e81171463288e9,text
d5dbef1c0dba11ecb1e81171463288e9,text
d5dbf20a0dba11ecb1e81171463288e9,text
d5dbf34a0dba11ecb1e81171463288e9,text
d5dbf53e0dba11ecb1e81171463288e9,text
d5dbf58e0dba11ecb1e81171463288e9,text
d5dbf73c0dba11ecb1e81171463288e9,text
d5dbf87c0dba11ecb1e81171463288e9,text
d5dbfc0a0dba11ecb1e81171463288e9,text
d5dc13a20dba11ecb1e81171463288e9,text
d5dc13e80dba11ecb1e81171463288e9,text
d5dc1d700dba11ecb1e81171463288e9,text
d5dc1f460dba11ecb1e81171463288e9,text
d5dc2cfc0dba11ecb1e81171463288e9,text
d5dc4e300dba11ecb1e81171463288e9,text
d5dc51dc0dba11ecb1e81171463288e9,text
d5dc6be00dba11ecb1e81171463288e9,text
d5dc70180dba11ecb1e81171463288e9,text
d5dc73920dba11ecb1e81171463288e9,text
d5dc79f00dba11ecb1e81171463288e9,text
d5dc7c200dba11ecb1e81171463288e9,text
d5dc8c380dba11ecb1e81171463288e9,text
d5dc8cf60dba11ecb1e81171463288e9,text
d5dc93400dba11ecb1e81171463288e9,text
d5dc99b20dba11ecb1e81171463288e9,text
d5dcadb20dba11ecb1e81171463288e9,text
d5dcb2da0dba11ecb1e81171463288e9,text
d5dcb3160dba11ecb1e81171463288e9,text
d5dcdb2a0dba11ecb1e81171463288e9,text
d5dcf4660dba11ecb1e81171463288e9,text
d5dcf51a0dba11ecb1e81171463288e9,text
d5dcfe7a0dba11ecb1e81171463288e9,text
d5dd0bfe0dba11ecb1e81171463288e9,text
d5dd17480dba11ecb1e81171463288e9,text
d5dd19be0dba11ecb1e81171463288e9,text
d5dd1b3a0dba11ecb1e81171463288e9,text
d5dd22ce0dba11ecb1e81171463288e9,text
d5dd2c600dba11ecb1e81171463288e9,text
d5dd303e0dba11ecb1e81171463288e9,text
d5dd3fc00dba11ecb1e81171463288e9,text
d5dd51900dba11ecb1e81171463288e9,text
d5dd52800dba11ecb1e81171463288e9,text
d5dd5dd40dba11ecb1e81171463288e9,text
d5dd71020dba11ecb1e81171463288e9,text
d5dd76020dba11ecb1e81171463288e9,text
d5dd7dd20dba11ecb1e81171463288e9,text
d5dd7e220dba11ecb1e81171463288e9,text
d5dd92360dba11ecb1e81171463288e9,text
d5dd94840dba11ecb1e81171463288e9,text
d5dda4ba0dba11ecb1e81171463288e9,text
d5dda8480dba11ecb1e81171463288e9,text
d5ddb1940dba11ecb1e81171463288e9,text
d5ddb5cc0dba11ecb1e81171463288e9,text
d5ddc3aa0dba11ecb1e81171463288e9,text
d5ddc44a0dba11ecb1e81171463288e9,text
d5ddcfe40dba11ecb1e81171463288e9,text
d5ddd4c60dba11ecb1e81171463288e9,text
d5ddd53e0dba11ecb1e81171463288e9,text
d5dde4c00dba11ecb1e81171463288e9,text
d5ddee200dba11ecb1e81171463288e9,text
d5ddfaaa0dba11ecb1e81171463288e9,text
d5de05ae0dba11ecb1e81171463288e9,text
d5de07160dba11ecb1e81171463288e9,text
d5de1f760dba11ecb1e81171463288e9,text
d5de20020dba11ecb1e81171463288e9,text
d5de29080dba11ecb1e81171463288e9,text
d5de2a520dba11ecb1e81171463288e9,text
d5de38260dba11ecb1e81171463288e9,text
d5de4a1e0dba11ecb1e81171463288e9,text
d5de70de0dba11ecb1e81171463288e9,text
d5de74800dba11ecb1e81171463288e9,text
d5de8f600dba11ecb1e81171463288e9,text
d5deb2ce0dba11ecb1e81171463288e9,text
d5deb40e0dba11ecb1e81171463288e9,text
d5deb7920dba11ecb1e81171463288e9,text
d5deba440dba11ecb1e81171463288e9,text
d5deba760dba11ecb1e81171463288e9,text
d5dec5f20dba11ecb1e81171463288e9,text
d5dec6920dba11ecb1e81171463288e9,text
d5dec84a0dba11ecb1e81171463288e9,text
d5dece120dba11ecb1e81171463288e9,text
d5deec940dba11ecb1e81171463288e9,text
d5def2c00dba11ecb1e81171463288e9,text
d5df01b60dba11ecb1e81171463288e9,text
d5df03be0dba11ecb1e81171463288e9,text
d5df05bc0dba11ecb1e81171463288e9,text
d5df0a3a0dba11ecb1e81171463288e9,text
d5df22400dba11ecb1e81171463288e9,text
d5df27220dba11ecb1e81171463288e9,text
d5df344c0dba11ecb1e81171463288e9,text
d5df42fc0dba11ecb1e81171463288e9,text
d5df434c0dba11ecb1e81171463288e9,text
d5df47ac0dba11ecb1e81171463288e9,text
d5df4aea0dba11ecb1e81171463288e9,text
d5df4cc00dba11ecb1e81171463288e9,text
d5df59180dba11ecb1e81171463288e9,text
d5df5ddc0dba11ecb1e81171463288e9,text
d5df639a0dba11ecb1e81171463288e9,text
d5df64120dba11ecb1e81171463288e9,text
d5df643a0dba11ecb1e81171463288e9,text
d5df67d20dba11ecb1e81171463288e9,text
d5df68b80dba11ecb1e81171463288e9,text
d5df69da0dba11ecb1e81171463288e9,text
d5df81fe0dba11ecb1e81171463288e9,text
d5df83340dba11ecb1e81171463288e9,text
d5df85e60dba11ecb1e81171463288e9,text
d5df92200dba11ecb1e81171463288e9,text
d5df93d80dba11ecb1e81171463288e9,text
d5dfa8dc0dba11ecb1e81171463288e9,text
d5dfaa620dba11ecb1e81171463288e9,text
d5dfaef40dba11ecb1e81171463288e9,text
